Freq,Power
3550000000,35.4704
3550625000,43.87834
3551250000,34.8402
3551875000,32.45121
3552500000,26.42265
3553125000,37.71174
3553750000,32.4081
3554375000,43.56858
3555000000,25.0728
3555625000,38.2355
3556250000,29.88007
3556875000,25.73595
3557500000,31.4067
3558125000,28.81494
3558750000,25.0252
3559375000,31.50296
