Frequency,Datapoint
3550000000,-14.49944
3550625000,-48.93255
3551250000,9.03336
3551875000,7.41704
3552500000,-35.55312
3553125000,-38.2547
3553750000,-13.56552
3554375000,-14.16654
3555000000,-10.53899
3555625000,-25.07989
3556250000,-2.12552
3556875000,-32.13675
3557500000,-23.04099
3558125000,-30.54264
3558750000,-8.7866
3559375000,22.32406
,-16.15304938
